Episode,Timestep,Window_Avg_Entropy,Success
0,1,0.11054469491765903,1
0,2,0.10252833066317424,1
0,3,0.09204672133485234,1
0,4,0.09834141124796422,1
0,5,0.10140177233089624,1
0,6,0.10655129711469621,1
0,7,0.1200595784667536,1
0,8,0.11088702880828145,1
0,9,0.09718272555362156,1
0,10,0.09111188898090268,1
0,11,0.08899209325760278,1
0,12,0.0924683202208222,1
0,13,0.0949152088356294,1
0,14,0.085138644389276,1
0,15,0.07370952835108746,1
0,16,0.0715019755604158,1
0,17,0.052363807204535734,1
0,18,0.04302011888615455,1
0,19,0.0390029569171819,1
1,1,0.1548697144305857,0
1,2,0.14858781615420238,0
1,3,0.15245332402390582,0
1,4,0.15193788522633384,0
1,5,0.12004354759882671,0
1,6,0.10076327965830709,0
1,7,0.08850577145429202,0
1,8,0.08812768843550406,0
1,9,0.08454514282936168,0
1,10,0.07851022560322682,0
1,11,0.0753511116096569,0
1,12,0.07362486102819077,0
1,13,0.0683093727368383,0
1,14,0.06711195614870223,0
1,15,0.07584353274353957,0
1,16,0.0644706223078905,0
1,17,0.0623385486217644,0
1,18,0.06041076810365266,0
1,19,0.057042807354649616,0
1,20,0.05785114587788796,0
1,21,0.05745092749265964,0
1,22,0.063122760291811,0
1,23,0.05772751733151432,0
1,24,0.0583487107758391,0
1,25,0.06167455858287478,0
1,26,0.060551024279702235,0
1,27,0.05421816647144938,0
1,28,0.05515413448309038,0
1,29,0.057138434870046086,0
1,30,0.04486985480321304,0
1,31,0.04939663779439724,0
1,32,0.048932217022809074,0
1,33,0.04897864291185984,0
1,34,0.0472091613108995,0
1,35,0.04609990101505327,0
1,36,0.042494040911653305,0
1,37,0.0438064228433535,0
2,1,0.1036931090532974,0
2,2,0.11021969503042843,0
2,3,0.12175395203456688,0
2,4,0.10400996342258381,0
2,5,0.11402210645997864,0
2,6,0.1291258332525415,0
2,7,0.11854556093015334,0
2,8,0.10813585167100839,0
2,9,0.10622427871681725,0
2,10,0.09866366705195526,0
2,11,0.08430220100259414,0
2,12,0.08450419700710501,0
2,13,0.0744152740306887,0
2,14,0.07689838811438966,0
2,15,0.08387193633623416,0
2,16,0.0885149673308396,0
2,17,0.08187870639717054,0
2,18,0.0760786307102918,0
2,19,0.08320912750420253,0
2,20,0.06687391688997701,0
2,21,0.06148163448136851,0
2,22,0.06294218457854375,0
2,23,0.059977449630125135,0
2,24,0.06567992530445907,0
2,25,0.07009544517071227,0
2,26,0.07316343971896969,0
2,27,0.07176747140579307,0
2,28,0.08375486272804807,0
2,29,0.08241041484076231,0
2,30,0.08876503423471892,0
2,31,0.09434054374503871,0
2,32,0.09942366483431449,0
2,33,0.10365043518521999,0
2,34,0.10112506772146695,0
2,35,0.0964308386070903,0
2,36,0.0988227121929097,0
2,37,0.1173456476903609,0
3,1,0.10818814891741801,1
3,2,0.13688977834670263,1
3,3,0.14422257966500576,1
3,4,0.1310716262440038,1
3,5,0.11228756740072403,1
3,6,0.13178113181477147,1
3,7,0.10715840612587371,1
3,8,0.10064271155429258,1
3,9,0.09992070876846272,1
3,10,0.09894309456643195,1
3,11,0.07632601513716299,1
3,12,0.07520698150791041,1
3,13,0.0676783545019605,1
3,14,0.07168691361150567,1
3,15,0.07250478611952459,1
3,16,0.0641594395253861,1
3,17,0.055324575232275,1
4,1,0.09240248535295964,0
4,2,0.08086015977057798,0
4,3,0.08680375785144001,0
4,4,0.07481692195562782,0
4,5,0.06773954042374719,0
4,6,0.06841581399233346,0
4,7,0.0740375430557621,0
4,8,0.07089310005154703,0
4,9,0.07352692117526952,0
4,10,0.07315871108082789,0
4,11,0.06103328176622631,0
4,12,0.06071389246845669,0
4,13,0.05140340455631794,0
4,14,0.05044121837764844,0
4,15,0.05793932235617087,0
4,16,0.07395767627042066,0
4,17,0.07012612766009917,0
4,18,0.07066256105889057,0
4,19,0.07035624785852948,0
4,20,0.06315692715178572,0
4,21,0.06315692557680194,0
4,22,0.06778089208683293,0
4,23,0.07601975901967947,0
4,24,0.09011813202906985,0
4,25,0.10188311140955722,0
4,26,0.08806727234138989,0
4,27,0.087385527154577,0
4,28,0.08735660174025138,0
4,29,0.08378353256487676,0
4,30,0.07983065108679,0
4,31,0.09969094412893487,0
4,32,0.09432093152361079,0
4,33,0.09076209822544509,0
4,34,0.08973026084361557,0
4,35,0.09255241636544437,0
4,36,0.057440011908992894,0
4,37,0.0715675519912946,0
5,1,0.11453883101994866,0
5,2,0.10785057846987785,0
5,3,0.10168279563896172,0
5,4,0.10113595629229696,0
5,5,0.09418698619153117,0
5,6,0.10131605140335673,0
5,7,0.07718787561291676,0
5,8,0.06829060110573186,0
5,9,0.06043049496369892,0
5,10,0.07961806174038226,0
5,11,0.08255938996578172,0
5,12,0.10530340364505164,0
5,13,0.15671581357907843,0
5,14,0.16378820971316294,0
5,15,0.18227523545532534,0
5,16,0.19210246909347256,0
5,17,0.17260342529333744,0
5,18,0.13008348205014392,0
5,19,0.14227981243762794,0
5,20,0.11459108988639297,0
5,21,0.10827354780417602,0
5,22,0.09561857865526946,0
5,23,0.10040039168149613,0
5,24,0.08757512495897704,0
5,25,0.08747659706810992,0
5,26,0.12264627183930873,0
5,27,0.1412518548895244,0
5,28,0.14721781078410295,0
5,29,0.14834962296051513,0
5,30,0.14898047263438946,0
5,31,0.11369166296027138,0
5,32,0.10089637373488851,0
5,33,0.08009540130105873,0
5,34,0.07609837645563876,0
5,35,0.07398015088275094,0
5,36,0.056564387477773606,0
5,37,0.0388711167295061,0
6,1,0.09618877624361453,0
6,2,0.09036662964983806,0
6,3,0.09172590712809851,0
6,4,0.09823527531025736,0
6,5,0.09026104151510564,0
6,6,0.06866351084755676,0
6,7,0.07345557068272046,0
6,8,0.07401520456352231,0
6,9,0.09893104138340522,0
6,10,0.09878299576251157,0
6,11,0.1135513157313565,0
6,12,0.1131117384086873,0
6,13,0.1075249804834347,0
6,14,0.09011174212923898,0
6,15,0.09651712091545567,0
6,16,0.08170296054022294,0
6,17,0.09281532342030856,0
6,18,0.09740126400453127,0
6,19,0.09010924986119806,0
6,20,0.07963324374762876,0
6,21,0.09570391066140027,0
6,22,0.08983533184137416,0
6,23,0.08607574375284213,0
6,24,0.09065063932578198,0
6,25,0.11138291714377571,0
6,26,0.10580686549515075,0
6,27,0.09739092027332596,0
6,28,0.11005454596854299,0
6,29,0.1096562927202925,0
6,30,0.10243173270287467,0
6,31,0.0909436387101834,0
6,32,0.08872680983887962,0
6,33,0.07580067433083162,0
6,34,0.06842321643407914,0
6,35,0.059267447279865104,0
6,36,0.06417795574676476,0
6,37,0.0491101060083027,0
7,1,0.06528931789356676,1
7,2,0.06228004057402069,1
7,3,0.06329083266846655,1
7,4,0.07442185325175492,1
7,5,0.09511203612972383,1
7,6,0.09103190054011971,1
7,7,0.1041638398640404,1
7,8,0.09607655875377932,1
7,9,0.08415329653443313,1
7,10,0.06493927513384717,1
7,11,0.06628732183333007,1
7,12,0.053405388315848214,1
7,13,0.062284612817031605,1
7,14,0.05450155915976351,1
7,15,0.05370365596961182,1
7,16,0.05366221653339895,1
7,17,0.055578387904043736,1
7,18,0.0489404340828975,1
7,19,0.0558906036647938,1
8,1,0.0760948438093548,0
8,2,0.07474146532640297,0
8,3,0.07623125884365681,0
8,4,0.07921303401832559,0
8,5,0.08565263090456224,0
8,6,0.07717458099501852,0
8,7,0.07792110612188367,0
8,8,0.07738426474682103,0
8,9,0.07065303294464652,0
8,10,0.06951878675838093,0
8,11,0.07474960762081474,0
8,12,0.0797659555854048,0
8,13,0.07443502175752628,0
8,14,0.07538144794412903,0
8,15,0.06813467877515997,0
8,16,0.06482146755098922,0
8,17,0.06210482374877564,0
8,18,0.05445748467457774,0
8,19,0.054523013866671265,0
8,20,0.06308236872818637,0
8,21,0.06188696749538014,0
8,22,0.06285093234377281,0
8,23,0.06231284877231633,0
8,24,0.06130379034180459,0
8,25,0.055134156032429806,0
8,26,0.05667490922461328,0
8,27,0.05166464727699895,0
8,28,0.05260175018903418,0
8,29,0.052316156247427095,0
8,30,0.050718397202223355,0
8,31,0.050200226341325635,0
8,32,0.05275260200561309,0
8,33,0.05335864089264236,0
8,34,0.055211120069334846,0
8,35,0.0566886054106723,0
8,36,0.0570730850219314,0
8,37,0.0598948122414465,0
9,1,0.10569683283752211,1
9,2,0.12160584807549632,1
9,3,0.11793083278010004,1
9,4,0.1206184431574084,1
9,5,0.10720400813397406,1
9,6,0.10934071083499002,1
9,7,0.09175090834366499,1
9,8,0.08648374407156978,1
9,9,0.08804578213833973,1
9,10,0.07764776120709407,1
9,11,0.06196094391114314,1
9,12,0.0681046618863707,1
9,13,0.07660062785094675,1
9,14,0.0723676440991013,1
9,15,0.06961725456706495,1
9,16,0.07008936422311113,1
9,17,0.06360423256275408,1
9,18,0.05615004710601712,1
9,19,0.0560468974240619,1
9,20,0.053244962358615394,1
9,21,0.0505795803824812,1
10,1,0.081040843336341,0
10,2,0.07908843811678148,0
10,3,0.07182615397631126,0
10,4,0.07369047602126444,0
10,5,0.06598745685646884,0
10,6,0.0741254058989759,0
10,7,0.08126337882784174,0
10,8,0.09340985349343431,0
10,9,0.09139789696612777,0
10,10,0.09766701234125733,0
10,11,0.08896008993919141,0
10,12,0.07971939804972183,0
10,13,0.06550545268522416,0
10,14,0.06533792102335007,0
10,15,0.06603471867314732,0
10,16,0.06847226893105443,0
10,17,0.08002670047399749,0
10,18,0.07814872969894462,0
10,19,0.07503039596139495,0
10,20,0.08447600388129743,0
10,21,0.08814692061061842,0
10,22,0.08164981366795757,0
10,23,0.08584573669723723,0
10,24,0.08419110682410005,0
10,25,0.07778473443469267,0
10,26,0.08673931116748934,0
10,27,0.07911790783184386,0
10,28,0.07607332699104644,0
10,29,0.07704104548957885,0
10,30,0.07071253324724074,0
10,31,0.07442072706821348,0
10,32,0.072023275211671,0
10,33,0.08526342428807708,0
10,34,0.09425585824532132,0
10,35,0.10419560469790652,0
10,36,0.0853487052443596,0
10,37,0.1302451561898656,0
11,1,0.14719072145152526,0
11,2,0.13007710461172584,0
11,3,0.14685747170976246,0
11,4,0.12880707549145104,0
11,5,0.12385009289016331,0
11,6,0.11069172048519424,0
11,7,0.11237625076328461,0
11,8,0.09515978508934256,0
11,9,0.10157431865790453,0
11,10,0.10155157757456941,0
11,11,0.10527008674439746,0
11,12,0.11210012228290829,0
11,13,0.11341039604059153,0
11,14,0.1204354488836539,0
11,15,0.1157325825292618,0
11,16,0.09690334068953417,0
11,17,0.08497324500633462,0
11,18,0.07936194185265566,0
11,19,0.07384397717767073,0
11,20,0.06923967927394198,0
11,21,0.06568704886433174,0
11,22,0.08197754190611665,0
11,23,0.08958904441387863,0
11,24,0.0807392044935401,0
11,25,0.09737541126779836,0
11,26,0.12984712343039212,0
11,27,0.11343295882334854,0
11,28,0.11793698283044877,0
11,29,0.11665361747191146,0
11,30,0.10800181746327842,0
11,31,0.08005386059594907,0
11,32,0.08183052441817337,0
11,33,0.0725373139138066,0
11,34,0.07674180045465545,0
11,35,0.07336161363154767,0
11,36,0.0711619621426095,0
11,37,0.0664190375381298,0
12,1,0.08244729346350105,0
12,2,0.06670673374057903,0
12,3,0.08952404189398865,0
12,4,0.09366692760850895,0
12,5,0.09632127736042474,0
12,6,0.09123935392296864,0
12,7,0.09096443105241463,0
12,8,0.0860201324652445,0
12,9,0.09914767466866067,0
12,10,0.11430677552652613,0
12,11,0.11881066281646198,0
12,12,0.13942691335706237,0
12,13,0.12998702005134652,0
12,14,0.1160825167975021,0
12,15,0.1076294553595731,0
12,16,0.0984763796597801,0
12,17,0.09973865119571627,0
12,18,0.0944600213430534,0
12,19,0.08966704630508891,0
12,20,0.0790379002800011,0
12,21,0.10593175909756462,0
12,22,0.0977459549536013,0
12,23,0.10661590832153603,0
12,24,0.0986538718183087,0
12,25,0.0950648251681844,0
12,26,0.07941438524280314,0
12,27,0.08370056294722353,0
12,28,0.07948990813018839,0
12,29,0.07897098552320275,0
12,30,0.0840373522669064,0
12,31,0.0859446658775812,0
12,32,0.06841253539521039,0
12,33,0.05695061653181298,0
12,34,0.06321173618915965,0
12,35,0.06099772746662286,0
12,36,0.039148181707828994,0
12,37,0.0335417791197934,0
13,1,0.10938367044604329,0
13,2,0.10603894790243937,0
13,3,0.12463112585939444,0
13,4,0.1516692657558895,0
13,5,0.13159629266474532,0
13,6,0.11169980096590104,0
13,7,0.08496976341198359,0
13,8,0.08206045584470788,0
13,9,0.07468174534900558,0
13,10,0.09398404700915727,0
13,11,0.10112872644018692,0
13,12,0.10888780802791365,0
13,13,0.10237484524262397,0
13,14,0.0840446043750881,0
13,15,0.07318508320579165,0
13,16,0.07730248394170826,0
13,17,0.07295133753560475,0
13,18,0.09726147084632544,0
13,19,0.10445129420705239,0
13,20,0.09821323204142211,0
13,21,0.09424655422464809,0
13,22,0.09141736157923214,0
13,23,0.06670477536447794,0
13,24,0.07564008682036069,0
13,25,0.0812280612744397,0
13,26,0.08801119817333111,0
13,27,0.08738833145441728,0
13,28,0.0913840203433222,0
13,29,0.08471272497571096,0
13,30,0.09076840644903042,0
13,31,0.07929254308480276,0
13,32,0.07685284765724194,0
13,33,0.07618538702040167,0
13,34,0.07230726617121155,0
13,35,0.058670850647190964,0
13,36,0.0699658709396875,0
13,37,0.108799119142066,0
14,1,0.06978235749080457,0
14,2,0.07302052322016253,0
14,3,0.05877581138040232,0
14,4,0.06580767700716723,0
14,5,0.05645595997145284,0
14,6,0.05094574094824703,0
14,7,0.06508764317654077,0
14,8,0.06323109475434374,0
14,9,0.07179822748048492,0
14,10,0.08531697353940829,0
14,11,0.10668835854811569,0
14,12,0.0964557689607459,0
14,13,0.11459016734766372,0
14,14,0.11692452883398008,0
14,15,0.10614353346416924,0
14,16,0.09485232233991321,0
14,17,0.11098909374938608,0
14,18,0.09229817575346141,0
14,19,0.08121201664877664,0
14,20,0.090065787592374,0
14,21,0.09436611826024757,0
14,22,0.08197453236465868,0
14,23,0.08710407020389227,0
14,24,0.09131074197547874,0
14,25,0.08253804176286972,0
14,26,0.08094679724688794,0
14,27,0.0800968059629631,0
14,28,0.07797848096064894,0
14,29,0.09232914608567624,0
14,30,0.09596232634179655,0
14,31,0.09155353769969703,0
14,32,0.10458470019711028,0
14,33,0.10678967214474952,0
14,34,0.0926122895292489,0
14,35,0.09501302592803706,0
14,36,0.1057206534048082,0
14,37,0.0660008569669373,0
15,1,0.07600537849988524,0
15,2,0.06633493776448973,0
15,3,0.0634363894900566,0
15,4,0.07529052331795796,0
15,5,0.08428760248935648,0
15,6,0.08448473326605252,0
15,7,0.09803570325498195,0
15,8,0.1242382494088402,0
15,9,0.12945343137170295,0
15,10,0.12167126002286455,0
15,11,0.11717550054684889,0
15,12,0.11094681689358846,0
15,13,0.09148028492473152,0
15,14,0.08391464784443084,0
15,15,0.08103866381797178,0
15,16,0.08035180931462985,0
15,17,0.07760020455815028,0
15,18,0.08621669109833859,0
15,19,0.07470594346913065,0
15,20,0.08125873152160418,0
15,21,0.07611430167979474,0
15,22,0.08360707738671445,0
15,23,0.08354119646191757,0
15,24,0.09266428024788902,0
15,25,0.08225209135209002,0
15,26,0.08563540022302396,0
15,27,0.07440607766042526,0
15,28,0.06389163285496312,0
15,29,0.06961205088335908,0
15,30,0.07064832631904479,0
15,31,0.06667737125982412,0
15,32,0.06846216397041228,0
15,33,0.0707727201687085,0
15,34,0.05547373121881785,0
15,35,0.0596094563974889,0
15,36,0.06915970038271099,0
15,37,0.0728466597425767,0
16,1,0.10745815176709277,0
16,2,0.11685943303735233,0
16,3,0.0975162045444867,0
16,4,0.08702220326025178,0
16,5,0.07715167044998344,0
16,6,0.09260642399083537,0
16,7,0.07234219234136607,0
16,8,0.07856191860645803,0
16,9,0.08188703421598971,0
16,10,0.09917890357872748,0
16,11,0.08361588911145136,0
16,12,0.09039838618401627,0
16,13,0.10634474797185597,0
16,14,0.10159243929760567,0
16,15,0.09209477364587311,0
16,16,0.09321602846597947,0
16,17,0.08469304984339786,0
16,18,0.07136820964838456,0
16,19,0.10227482054359613,0
16,20,0.1018311373717388,0
16,21,0.10705379441718918,0
16,22,0.10310654817544081,0
16,23,0.12636269000887723,0
16,24,0.11247790893176615,0
16,25,0.10331915748549067,0
16,26,0.0971552164862717,0
16,27,0.11369616460974893,0
16,28,0.10183699996468228,0
16,29,0.08006056053295234,0
16,30,0.0836333031064355,0
16,31,0.0824868811055158,0
16,32,0.07537130894299357,0
16,33,0.06769456639768794,0
16,34,0.07510872792245245,0
16,35,0.07959622662297963,0
16,36,0.0912371343339147,0
16,37,0.1007494396211012,0
17,1,0.07050115772250679,1
17,2,0.06174983967890868,1
17,3,0.0599057433730355,1
17,4,0.0564226484070726,1
17,5,0.05500983792324192,1
17,6,0.04902416213143033,1
17,7,0.04973367891473792,1
17,8,0.058719020340545616,1
17,9,0.07474088446902373,1
17,10,0.08950799177926419,1
17,11,0.10979646172922072,1
17,12,0.1016236950406401,1
17,13,0.0936266397515461,1
17,14,0.08958961796902926,1
17,15,0.0987641436348305,1
17,16,0.08693491637140038,1
17,17,0.08987366093653609,1
17,18,0.09579268844075747,1
17,19,0.10833321117624181,1
17,20,0.09162190413211385,1
17,21,0.09699552702684078,1
17,22,0.11109517222111409,1
17,23,0.143642972992481,1
18,1,0.09361224880838485,0
18,2,0.09438247173682092,0
18,3,0.08798181959890687,0
18,4,0.08761624754298664,0
18,5,0.10277603137227476,0
18,6,0.09094757519627875,0
18,7,0.10559027223506515,0
18,8,0.10858772837112021,0
18,9,0.10468444700605657,0
18,10,0.09488800347886833,0
18,11,0.10870821663082138,0
18,12,0.11130771462450662,0
18,13,0.10479220910850026,0
18,14,0.08589490725195181,0
18,15,0.08058989106690453,0
18,16,0.0738883009320134,0
18,17,0.0512240545508726,0
18,18,0.051875850732491416,0
18,19,0.061031075605060735,0
18,20,0.07416775394735539,0
18,21,0.0716923228712482,0
18,22,0.08089173468611699,0
18,23,0.0847064617009704,0
18,24,0.08641637430033575,0
18,25,0.07857824546852914,0
18,26,0.10312469346306878,0
18,27,0.10247665277427916,0
18,28,0.09795577473019643,0
18,29,0.10129515942541081,0
18,30,0.10310829303899674,0
18,31,0.07905098040004994,0
18,32,0.07258060894055204,0
18,33,0.07628963335281447,0
18,34,0.0674409549392696,0
18,35,0.0631971867644775,0
18,36,0.06154958686010155,0
18,37,0.064860657059168,0
19,1,0.1407356881314204,0
19,2,0.13704817833766259,0
19,3,0.12216569746877055,0
19,4,0.11585417386160743,0
19,5,0.09904706173143768,0
19,6,0.08729100358684337,0
19,7,0.08789795684923105,0
19,8,0.09085097858189316,0
19,9,0.11431523516790236,0
19,10,0.143671594319353,0
19,11,0.1621512637052099,0
19,12,0.1701849442585639,0
19,13,0.16121558478680226,0
19,14,0.1325451791367313,0
19,15,0.12343766431141283,0
19,16,0.11004627598503036,0
19,17,0.08623739454946369,0
19,18,0.08749679822432661,0
19,19,0.08516778620875236,0
19,20,0.08930624806209982,0
19,21,0.07981181720165911,0
19,22,0.07987763600399309,0
19,23,0.07247698666959353,0
19,24,0.06747094839064108,0
19,25,0.04622489276892795,0
19,26,0.04966688088579448,0
19,27,0.04994992146910244,0
19,28,0.04990854674330892,0
19,29,0.05938212953612785,0
19,30,0.05724292262700672,0
19,31,0.05292812750437279,0
19,32,0.06690874905128356,0
19,33,0.0659903649529003,0
19,34,0.06447613414411894,0
19,35,0.0759981696868337,0
19,36,0.0774441248731469,0
19,37,0.0370813570361719,0
20,1,0.08335768786089433,0
20,2,0.08335386919650525,0
20,3,0.06572715026273901,0
20,4,0.06715433810764126,0
20,5,0.059354343037025505,0
20,6,0.0566274915161704,0
20,7,0.07298968462241821,0
20,8,0.09001514140582563,0
20,9,0.08501175118450355,0
20,10,0.08224992338871961,0
20,11,0.08516844341991257,0
20,12,0.0876573659653294,0
20,13,0.0820839558019546,0
20,14,0.08679245899136356,0
20,15,0.08067295544927103,0
20,16,0.07992140699294507,0
20,17,0.06324778129195152,0
20,18,0.06978322639936596,0
20,19,0.08346929072265782,0
20,20,0.10178820979638403,0
20,21,0.11066923752689987,0
20,22,0.11410022451913253,0
20,23,0.09990944165711331,0
20,24,0.08363175220375665,0
20,25,0.07058558761639058,0
20,26,0.07506565498123319,0
20,27,0.07258501526691077,0
20,28,0.07539631498538987,0
20,29,0.08485057886651867,0
20,30,0.08828250203154302,0
20,31,0.07745020277957217,0
20,32,0.07377909147848302,0
20,33,0.07707550303493518,0
20,34,0.07322966646435765,0
20,35,0.0701255172923766,0
20,36,0.0713097431849528,0
20,37,0.0744337133067457,0
21,1,0.0684205812130015,0
21,2,0.07106353407873142,0
21,3,0.08108936494284494,0
21,4,0.09951633262424779,0
21,5,0.10825372747654323,0
21,6,0.11159462270069853,0
21,7,0.1236083208479178,0
21,8,0.15113877013131,0
21,9,0.13122348117098326,0
21,10,0.11334262279790137,0
21,11,0.12848676645214369,0
21,12,0.1323530839097054,0
21,13,0.09505707589264359,0
21,14,0.09481057949210206,0
21,15,0.11681809720614214,0
21,16,0.09484440357087348,0
21,17,0.07825589389302716,0
21,18,0.08493921179047918,0
21,19,0.08580847661157967,0
21,20,0.06912410602369985,0
21,21,0.07165005001347567,0
21,22,0.1085466067939022,0
21,23,0.10285157647438899,0
21,24,0.10117111530297851,0
21,25,0.11614193310575986,0
21,26,0.14011258851479513,0
21,27,0.10410909917513178,0
21,28,0.09696447180086928,0
21,29,0.10178124912557093,0
21,30,0.08343043016930361,0
21,31,0.05364943076825777,0
21,32,0.05103526321131532,0
21,33,0.060718157064123104,0
21,34,0.057170722543404225,0
21,35,0.0554667274375804,0
21,36,0.05835898977080805,0
21,37,0.0718485354616254,0
22,1,0.08957055467021746,0
22,2,0.11571147236217563,0
22,3,0.1130025057037068,0
22,4,0.11726675431490241,0
22,5,0.12829329790648641,0
22,6,0.13158462464632315,0
22,7,0.09656551229879796,0
22,8,0.09491318901371126,0
22,9,0.0963436378531421,0
22,10,0.07851873117307472,0
22,11,0.08147467624448693,0
22,12,0.08417889338450281,0
22,13,0.08783257928575364,0
22,14,0.07918605123500376,0
22,15,0.07962536800852055,0
22,16,0.07686570599526468,0
22,17,0.06870289632633933,0
22,18,0.05896970943834286,0
22,19,0.06970776127710994,0
22,20,0.07419774333057638,0
22,21,0.07209917546662829,0
22,22,0.0780151302305024,0
22,23,0.08344982831211625,0
22,24,0.06971035301178692,0
22,25,0.056793749920557524,0
22,26,0.053985906589752865,0
22,27,0.052902000584235644,0
22,28,0.051095887471421096,0
22,29,0.06418241860836353,0
22,30,0.06211546844634076,0
22,31,0.07283460446236878,0
22,32,0.0763953957878745,0
22,33,0.07103485089538866,0
22,34,0.06154776217087257,0
22,35,0.07045105517253174,0
22,36,0.05534594565700465,0
22,37,0.0371463078062719,0
23,1,0.130852539233128,0
23,2,0.1353472980421846,0
23,3,0.08036331943664729,0
23,4,0.0890403022365921,0
23,5,0.09391308274622374,0
23,6,0.10420839713976209,0
23,7,0.10613988142144645,0
23,8,0.10984168821506173,0
23,9,0.09230097647579506,0
23,10,0.08166393964879641,0
23,11,0.06955004146699192,0
23,12,0.07250025472282777,0
23,13,0.07266775764152106,0
23,14,0.09540104613054246,0
23,15,0.0984915183067255,0
23,16,0.10036509502077129,0
23,17,0.09634463887564437,0
23,18,0.10547250223113647,0
23,19,0.08365932456632315,0
23,20,0.09548787587108781,0
23,21,0.0915649171442146,0
23,22,0.08859750916491901,0
23,23,0.10569824672544725,0
23,24,0.11742389394026191,0
23,25,0.10093872761709873,0
23,26,0.10048948680706597,0
23,27,0.095584581838229,0
23,28,0.06364522811034547,0
23,29,0.05439562897225082,0
23,30,0.0646920820557179,0
23,31,0.06417842019992304,0
23,32,0.06291709983717023,0
23,33,0.0704969327583986,0
23,34,0.0722635803393971,0
23,35,0.06600598167090406,0
23,36,0.069560783408017,0
23,37,0.0643530281142991,0
24,1,0.05976792774468307,0
24,2,0.0876267813682238,0
24,3,0.08527501688118669,0
24,4,0.0785040465040472,0
24,5,0.09896079948818057,0
24,6,0.10190369799302201,0
24,7,0.07602925304247424,0
24,8,0.08185057667915077,0
24,9,0.08650046411627589,0
24,10,0.09511559073126735,0
24,11,0.09227764421408852,0
24,12,0.09799738580977045,0
24,13,0.10433236267230864,0
24,14,0.10474776070958389,0
24,15,0.07366904777670161,0
24,16,0.0772014516513149,0
24,17,0.07345978825828885,0
24,18,0.06574528213063421,0
24,19,0.0675384319097544,0
24,20,0.06243105979093474,0
24,21,0.06877681223159511,0
24,22,0.06741394665811154,0
24,23,0.06005082062466013,0
24,24,0.05793031261427621,0
24,25,0.06255146736113691,0
24,26,0.05111541055536004,0
24,27,0.04416155242938896,0
24,28,0.05064754666840852,0
24,29,0.05126441723672102,0
24,30,0.04869791404908902,0
24,31,0.05061626040466242,0
24,32,0.05452754658608052,0
24,33,0.0573857208223655,0
24,34,0.05975656078980815,0
24,35,0.06169617578641784,0
24,36,0.0659240655345593,0
24,37,0.0749819541350655,0
25,1,0.07285679535016079,0
25,2,0.07503145056807672,0
25,3,0.07995990377930053,0
25,4,0.058326952869092195,0
25,5,0.06054430629418962,0
25,6,0.0803526697365036,0
25,7,0.0878925388075005,0
25,8,0.08576550731928811,0
25,9,0.08749394406948108,0
25,10,0.08807623162512909,0
25,11,0.0705496251172103,0
25,12,0.07354065129839438,0
25,13,0.07757385971694919,0
25,14,0.07965612211720159,0
25,15,0.07570244249439381,0
25,16,0.1069236131152292,0
25,17,0.09294601613440791,0
25,18,0.1257213163295658,0
25,19,0.1258433399508267,0
25,20,0.1297813576998869,0
25,21,0.12854462462681307,0
25,22,0.13755957009627823,0
25,23,0.1081152718923987,0
25,24,0.11393939021922565,0
25,25,0.11877800411833964,0
25,26,0.09245545930036463,0
25,27,0.0816791991964257,0
25,28,0.07613147245729635,0
25,29,0.06771440839848736,0
25,30,0.05527941304830271,0
25,31,0.05911311262505429,0
25,32,0.07895477691381876,0
25,33,0.07791591342146695,0
25,34,0.08345309459806148,0
25,35,0.09115992406674918,0
25,36,0.1016102314683239,0
25,37,0.061972106924476,0
26,1,0.07429518508724312,0
26,2,0.0623490389621917,0
26,3,0.053540419936775684,0
26,4,0.05660250284672539,0
26,5,0.06460432446290301,0
26,6,0.06390993928123104,0
26,7,0.06881646086517029,0
26,8,0.07209249881883928,0
26,9,0.07013183768535476,0
26,10,0.09165261524274988,0
26,11,0.1003456321451599,0
26,12,0.09966072011550256,0
26,13,0.12007650403077474,0
26,14,0.13013708852007205,0
26,15,0.10380719328974623,0
26,16,0.09817178018403552,0
26,17,0.09796432975349054,0
26,18,0.07960154347949208,0
26,19,0.07008174117100835,0
26,20,0.06764356318011147,0
26,21,0.08792091617012424,0
26,22,0.08609984491988634,0
26,23,0.08088498998156016,0
26,24,0.09198519616178494,0
26,25,0.11454948966087988,0
26,26,0.0921701987849121,0
26,27,0.0928394709415024,0
26,28,0.10054392967145169,0
26,29,0.08866007676136396,0
26,30,0.06506614615962916,0
26,31,0.06793972139272551,0
26,32,0.06513892396778308,0
26,33,0.0550313486785929,0
26,34,0.054503648539737624,0
26,35,0.0579746771277997,0
26,36,0.0554064610044273,0
26,37,0.0439237701321388,0
27,1,0.08830413428433134,0
27,2,0.08932029307220471,0
27,3,0.06959844873504764,0
27,4,0.07234345548252458,0
27,5,0.0740991418649157,0
27,6,0.0634124611723775,0
27,7,0.06516292613604896,0
27,8,0.07136189995137746,0
27,9,0.08500465535250631,0
27,10,0.08883590881967778,0
27,11,0.10111327640412733,0
27,12,0.10437387631080533,0
27,13,0.09993569762663478,0
27,14,0.08654420033730931,0
27,15,0.07892032292131368,0
27,16,0.06769956128943769,0
27,17,0.07239998588325133,0
27,18,0.07936654730864814,0
27,19,0.07830899038394815,0
27,20,0.08416285834771921,0
27,21,0.08933459282578067,0
27,22,0.08212862118919922,0
27,23,0.07973439093796206,0
27,24,0.08106842162658581,0
27,25,0.06891069441878246,0
27,26,0.07342407462029812,0
27,27,0.070457330054792,0
27,28,0.06755587294916883,0
27,29,0.07132893306096255,0
27,30,0.07875620857106888,0
27,31,0.0752371283270704,0
27,32,0.0987480864811148,0
27,33,0.11800887432134206,0
27,34,0.12467509942366654,0
27,35,0.1348056848633527,0
27,36,0.15912924156159153,0
27,37,0.1429763972195885,0
28,1,0.0973690622050847,0
28,2,0.06550820884257046,0
28,3,0.05796246542563575,0
28,4,0.0480048160383129,0
28,5,0.05220738291002276,0
28,6,0.05861287918634058,0
28,7,0.06286723685459499,0
28,8,0.06929379219769252,0
28,9,0.0755874456073673,0
28,10,0.0789252430340368,0
28,11,0.06578378202275197,0
28,12,0.07686434178055221,0
28,13,0.07453687721251927,0
28,14,0.06580588118216002,0
28,15,0.049866386949787136,0
28,16,0.06252626259344028,0
28,17,0.0488856131036684,0
28,18,0.05506689583576988,0
28,19,0.05607062245559406,0
28,20,0.06107234379181804,0
28,21,0.04909162602504188,0
28,22,0.06879329765174058,0
28,23,0.07898681365205491,0
28,24,0.08345098234970691,0
28,25,0.07679653945341111,0
28,26,0.08733124271648902,0
28,27,0.07244989961626244,0
28,28,0.06799255975107657,0
28,29,0.06634788411911129,0
28,30,0.07419396138070236,0
28,31,0.06574197850399233,0
28,32,0.061913292840262965,0
28,33,0.07083881015085611,0
28,34,0.0745050577786181,0
28,35,0.07529798094799757,0
28,36,0.09274663633178419,0
28,37,0.142696465922049,0
29,1,0.11875968317317118,0
29,2,0.132919893851776,0
29,3,0.12366851394457556,0
29,4,0.14209849339202602,0
29,5,0.15698809084845516,0
29,6,0.11886961211360451,0
29,7,0.10288759938066419,0
29,8,0.1035035621392532,0
29,9,0.0844709554144332,0
29,10,0.07042462784507916,0
29,11,0.08590315453472389,0
29,12,0.09093505571245779,0
29,13,0.09645787117960498,0
29,14,0.12684875091178735,0
29,15,0.131465496804252,0
29,16,0.14583971606004162,0
29,17,0.14623261046495256,0
29,18,0.14044103075725237,0
29,19,0.11769306371327123,0
29,20,0.12541400385320212,0
29,21,0.09542688166670342,0
29,22,0.0828410383283313,0
29,23,0.07599116326455933,0
29,24,0.06261649074649396,0
29,25,0.0438975789457132,0
29,26,0.03462332514851983,0
29,27,0.03365141581097008,0
29,28,0.04099927997658552,0
29,29,0.037744147267459324,0
29,30,0.04227292759906024,0
29,31,0.07869288501630768,0
29,32,0.10016363627111076,0
29,33,0.0938023727589152,0
29,34,0.11270110423930507,0
29,35,0.13324972800595428,0
29,36,0.0954702466973653,0
29,37,0.0552339867793663,0
30,1,0.1368187556831472,1
30,2,0.1228053979891413,1
30,3,0.09373572387081112,1
30,4,0.0804700832898548,1
30,5,0.08058075340832542,1
30,6,0.07053173765769344,1
30,7,0.06995452136617067,1
30,8,0.07405527311406483,1
30,9,0.07231281532987807,1
30,10,0.06538898006075611,1
30,11,0.06541233220423034,1
30,12,0.07036286740338976,1
30,13,0.0713729703498982,1
30,14,0.07831820105233682,1
30,15,0.08502004788111606,1
30,16,0.08169822248961137,1
30,17,0.08420409567044396,1
30,18,0.07690975748292406,1
30,19,0.08317892501140575,1
30,20,0.08064780930697693,1
30,21,0.08445742777254331,1
30,22,0.07366063676658277,1
30,23,0.07618114898840014,1
30,24,0.060689139678720735,1
30,25,0.05190807969758474,1
30,26,0.04798830401360033,1
30,27,0.054662679813592,1
30,28,0.0543020614072643,1
31,1,0.10465053514447335,1
31,2,0.09923393331423805,1
31,3,0.11647941031005853,1
31,4,0.11575807705532828,1
31,5,0.103108772650045,1
31,6,0.09977966462638518,1
31,7,0.09578650390701964,1
31,8,0.07631453639338052,1
31,9,0.0741271943522014,1
31,10,0.07328392280362324,1
31,11,0.08159344112090902,1
31,12,0.0876880453464873,1
31,13,0.08160269135311206,1
31,14,0.07998016525866763,1
31,15,0.08159326471702387,1
31,16,0.08297723934239132,1
31,17,0.07490163003417716,1
31,18,0.1045245854702002,1
31,19,0.09994613202979888,1
31,20,0.10130205765367964,1
31,21,0.10875298253166306,1
31,22,0.10413929343535715,1
31,23,0.08228904076001232,1
31,24,0.09375346973238571,1
31,25,0.09814734444436732,1
31,26,0.07196798214941727,1
31,27,0.0741397569065726,1
31,28,0.07351834682136378,1
31,29,0.057483811597770426,1
31,30,0.05344736045229048,1
31,31,0.06520208376657095,1
31,32,0.06182968679408589,1
31,33,0.05439563305880472,1
31,34,0.060273175417535976,1
31,35,0.055555752693514565,1
31,36,0.0393897387494416,1
31,37,0.0394678954062448,1
32,1,0.09470642346387827,1
32,2,0.10107524130313154,1
32,3,0.09646102174245148,1
32,4,0.10116622532280795,1
32,5,0.09033517289323015,1
32,6,0.08747206915118237,1
32,7,0.09821314126955658,1
32,8,0.08110735468200639,1
32,9,0.07696218111823014,1
32,10,0.08846491556769406,1
32,11,0.09026665733758135,1
32,12,0.07069644422273336,1
32,13,0.08493171003360464,1
32,14,0.09449636510701358,1
32,15,0.09214477793608158,1
32,16,0.09295142213391885,1
32,17,0.09118106019345387,1
32,18,0.08342501232866763,1
32,19,0.08080723528383421,1
32,20,0.06289021336326356,1
32,21,0.0413698219393898,1
33,1,0.08245979437707793,1
33,2,0.0871723006820463,1
33,3,0.08497724969214726,1
33,4,0.08514657088374394,1
33,5,0.08481402614946636,1
33,6,0.10187022662684686,1
33,7,0.11460350151823184,1
33,8,0.11382306700389429,1
33,9,0.1276814383370025,1
33,10,0.12618207655767197,1
33,11,0.09841453794805385,1
33,12,0.08223194440608776,1
33,13,0.0929647628803539,1
33,14,0.08309801489050558,1
33,15,0.07706208333731687,1
33,16,0.09222480073146466,1
33,17,0.09600398535277772,1
33,18,0.11595289596629203,1
33,19,0.10800007634182514,1
33,20,0.12136066939148082,1
33,21,0.11436103910938944,1
33,22,0.12150769159206853,1
33,23,0.0910870746169389,1
33,24,0.08538330628532508,1
33,25,0.0930167028943986,1
33,26,0.08845728243443002,1
33,27,0.08228413693481182,1
33,28,0.08250837924290351,1
33,29,0.08244637745158045,1
33,30,0.06301398955483818,1
33,31,0.06216721933136187,1
33,32,0.049044887136443595,1
33,33,0.04964745751548515,1
33,34,0.051045198748362,1
34,1,0.13003340556310786,1
34,2,0.13468127830140839,1
34,3,0.11774940394583369,1
34,4,0.09193829577150363,1
34,5,0.0645212482100759,1
34,6,0.06300695078002452,1
34,7,0.05482752183070696,1
34,8,0.05999647670401005,1
34,9,0.06464860221321991,1
34,10,0.06571276927537519,1
34,11,0.06279273683714151,1
34,12,0.07013273783060212,1
34,13,0.07543818798242773,1
34,14,0.07473518771730636,1
34,15,0.07367276850232876,1
34,16,0.0701077914091246,1
34,17,0.06499488858951764,1
34,18,0.05207080842881984,1
34,19,0.0465334312097418,1
34,20,0.0433316534787122,1
35,1,0.07208711651341691,1
35,2,0.07867271898097078,1
35,3,0.09221975577347882,1
35,4,0.11501961247737377,1
35,5,0.12177204065015408,1
35,6,0.11148736636728793,1
35,7,0.13725392261985456,1
35,8,0.123519822242624,1
35,9,0.10517430107282981,1
35,10,0.1001032434119642,1
35,11,0.10761561886289588,1
35,12,0.07853817122171902,1
35,13,0.0877890531657439,1
35,14,0.1118278734936621,1
35,15,0.11866777522065339,1
35,16,0.11274355343200493,1
35,17,0.11538276336416349,1
35,18,0.11987256069293487,1
35,19,0.09913405679790696,1
35,20,0.084452310121413,1
35,21,0.07481067141994698,1
35,22,0.07087068881503986,1
35,23,0.05734107992840196,1
35,24,0.050142247895052776,1
35,25,0.04908793093919833,1
35,26,0.0563286084958438,1
35,27,0.0490130622783248,1
36,1,0.07039472425970368,1
36,2,0.06773553916667,1
36,3,0.08204242759024616,1
36,4,0.08406089523131753,1
36,5,0.07888776741030903,1
36,6,0.0888012602640724,1
36,7,0.08346473475874831,1
36,8,0.08113591302640383,1
36,9,0.08405316492676734,1
36,10,0.08603371390155556,1
36,11,0.08824554154033148,1
36,12,0.10108135983975655,1
36,13,0.09105704463411882,1
36,14,0.0897226220169645,1
36,15,0.09545655757894145,1
36,16,0.08909413349749078,1
36,17,0.0664986900699645,1
36,18,0.0808550940336483,1
37,1,0.09542607336348115,1
37,2,0.09206067812823507,1
37,3,0.09467890012217842,1
37,4,0.07882707447393142,1
37,5,0.06075244888562118,1
37,6,0.05551850701589538,1
37,7,0.07244966641275634,1
37,8,0.0765168776085607,1
37,9,0.0808091956106059,1
37,10,0.08856165442061861,1
37,11,0.09072605268394837,1
37,12,0.0749201031623351,1
37,13,0.07134328173787177,1
37,14,0.06853868053057674,1
37,15,0.06476365415994936,1
37,16,0.0710846484313583,1
37,17,0.0874594164176048,1
38,1,0.08108627565040417,1
38,2,0.08180133196560616,1
38,3,0.08572780108958786,1
38,4,0.09313348082702003,1
38,5,0.08560562155553095,1
38,6,0.0803291133112854,1
38,7,0.07876475782019407,1
38,8,0.0673636313824679,1
38,9,0.05573599915477037,1
38,10,0.04972158752237323,1
38,11,0.047700170962419845,1
38,12,0.030857753972678,1
39,1,0.08875733975463852,1
39,2,0.09072913338415672,1
39,3,0.098490707188063,1
39,4,0.09671218903004712,1
39,5,0.08378106021156402,1
39,6,0.08122517224419948,1
39,7,0.07209156879832505,1
39,8,0.058798110759654146,1
39,9,0.04436962341920358,1
39,10,0.034747719273801735,1
39,11,0.03483262262564505,1
39,12,0.0342936714811739,1
